participant_id,group,topic,interface,veracity,rating,prior_knowledge,age,gender,ai_usage
P_G1_01,1,Silk,Control,Hallucinated,5,2,37,Female,Monthly
P_G1_01,1,Matcha,Binary,True,8,3,37,Female,Monthly
P_G1_01,1,Quantum,PDI,True,7,1,37,Female,Monthly
P_G1_02,1,Silk,Control,Hallucinated,7,2,43,Female,Rarely
P_G1_02,1,Matcha,Binary,True,3,1,43,Female,Rarely
P_G1_02,1,Quantum,PDI,True,9,1,43,Female,Rarely
P_G1_03,1,Silk,Control,Hallucinated,2,1,35,Male,Daily
P_G1_03,1,Matcha,Binary,True,5,1,35,Male,Daily
P_G1_03,1,Quantum,PDI,True,9,1,35,Male,Daily
P_G1_04,1,Silk,Control,Hallucinated,6,2,43,Male,Daily
P_G1_04,1,Matcha,Binary,True,7,2,43,Male,Daily
P_G1_04,1,Quantum,PDI,True,7,1,43,Male,Daily
P_G1_05,1,Silk,Control,Hallucinated,8,3,35,Female,Daily
P_G1_05,1,Matcha,Binary,True,4,2,35,Female,Daily
P_G1_05,1,Quantum,PDI,True,10,2,35,Female,Daily
P_G1_06,1,Silk,Control,Hallucinated,9,2,41,Female,Daily
P_G1_06,1,Matcha,Binary,True,8,3,41,Female,Daily
P_G1_06,1,Quantum,PDI,True,9,2,41,Female,Daily
P_G1_07,1,Silk,Control,Hallucinated,6,1,39,Female,Monthly
P_G1_07,1,Matcha,Binary,True,5,1,39,Female,Monthly
P_G1_07,1,Quantum,PDI,True,7,1,39,Female,Monthly
P_G1_08,1,Silk,Control,Hallucinated,7,1,41,Male,Weekly
P_G1_08,1,Matcha,Binary,True,1,2,41,Male,Weekly
P_G1_08,1,Quantum,PDI,True,1,2,41,Male,Weekly
P_G1_09,1,Silk,Control,Hallucinated,9,3,58,Male,Daily
P_G1_09,1,Matcha,Binary,True,7,5,58,Male,Daily
P_G1_09,1,Quantum,PDI,True,10,4,58,Male,Daily
P_G1_10,1,Silk,Control,Hallucinated,6,2,66,Male,Monthly
P_G1_10,1,Matcha,Binary,True,2,2,66,Male,Monthly
P_G1_10,1,Quantum,PDI,True,6,3,66,Male,Monthly
P_G1_11,1,Silk,Control,Hallucinated,6,2,58,Female,Weekly
P_G1_11,1,Matcha,Binary,True,8,2,58,Female,Weekly
P_G1_11,1,Quantum,PDI,True,10,2,58,Female,Weekly
P_G1_12,1,Silk,Control,Hallucinated,7,1,58,Female,Weekly
P_G1_12,1,Matcha,Binary,True,10,2,58,Female,Weekly
P_G1_12,1,Quantum,PDI,True,5,1,58,Female,Weekly
P_G1_13,1,Silk,Control,Hallucinated,8,1,48,Male,Weekly
P_G1_13,1,Matcha,Binary,True,8,1,48,Male,Weekly
P_G1_13,1,Quantum,PDI,True,9,2,48,Male,Weekly
P_G1_14,1,Silk,Control,Hallucinated,6,2,39,Female,Rarely
P_G1_14,1,Matcha,Binary,True,7,2,39,Female,Rarely
P_G1_14,1,Quantum,PDI,True,6,1,39,Female,Rarely
P_G1_15,1,Silk,Control,Hallucinated,2,1,45,Female,Weekly
P_G1_15,1,Matcha,Binary,True,8,2,45,Female,Weekly
P_G1_15,1,Quantum,PDI,True,9,1,45,Female,Weekly
P_G1_16,1,Silk,Control,Hallucinated,0,1,52,Male,Daily
P_G1_16,1,Matcha,Binary,True,7,1,52,Male,Daily
P_G1_16,1,Quantum,PDI,True,9,1,52,Male,Daily
P_G1_17,1,Silk,Control,Hallucinated,7,2,21,Male,Daily
P_G1_17,1,Matcha,Binary,True,8,3,21,Male,Daily
P_G1_17,1,Quantum,PDI,True,9,2,21,Male,Daily
P_G1_18,1,Silk,Control,Hallucinated,8,1,56,Female,Daily
P_G1_18,1,Matcha,Binary,True,9,2,56,Female,Daily
P_G1_18,1,Quantum,PDI,True,7,1,56,Female,Daily
P_G1_19,1,Silk,Control,Hallucinated,8,1,57,Male,Daily
P_G1_19,1,Matcha,Binary,True,7,1,57,Male,Daily
P_G1_19,1,Quantum,PDI,True,10,1,57,Male,Daily
P_G1_20,1,Silk,Control,Hallucinated,10,2,38,Female,Daily
P_G1_20,1,Matcha,Binary,True,8,2,38,Female,Daily
P_G1_20,1,Quantum,PDI,True,10,1,38,Female,Daily
P_G1_21,1,Silk,Control,Hallucinated,7,3,65,Female,Rarely
P_G1_21,1,Matcha,Binary,True,8,2,65,Female,Rarely
P_G1_21,1,Quantum,PDI,True,9,1,65,Female,Rarely
P_G1_22,1,Silk,Control,Hallucinated,8,2,41,Male,Daily
P_G1_22,1,Matcha,Binary,True,6,3,41,Male,Daily
P_G1_22,1,Quantum,PDI,True,9,2,41,Male,Daily
P_G1_23,1,Silk,Control,Hallucinated,8,1,35,Female,Daily
P_G1_23,1,Matcha,Binary,True,3,1,35,Female,Daily
P_G1_23,1,Quantum,PDI,True,9,1,35,Female,Daily
P_G1_24,1,Silk,Control,Hallucinated,10,2,55,Female,Weekly
P_G1_24,1,Matcha,Binary,True,6,1,55,Female,Weekly
P_G1_24,1,Quantum,PDI,True,8,1,55,Female,Weekly
P_G1_25,1,Silk,Control,Hallucinated,9,1,29,Female,Daily
P_G1_25,1,Matcha,Binary,True,10,2,29,Female,Daily
P_G1_25,1,Quantum,PDI,True,10,1,29,Female,Daily
P_G1_26,1,Silk,Control,Hallucinated,6,2,46,Male,Daily
P_G1_26,1,Matcha,Binary,True,8,4,46,Male,Daily
P_G1_26,1,Quantum,PDI,True,10,5,46,Male,Daily
P_G1_27,1,Silk,Control,Hallucinated,4,2,36,Female,Weekly
P_G1_27,1,Matcha,Binary,True,7,1,36,Female,Weekly
P_G1_27,1,Quantum,PDI,True,5,1,36,Female,Weekly
P_G2_01,2,Silk,Binary,True,8,1,31,Male,Rarely
P_G2_01,2,Matcha,PDI,Hallucinated,7,1,31,Male,Rarely
P_G2_01,2,Quantum,Control,True,5,1,31,Male,Rarely
P_G2_02,2,Silk,Binary,True,7,1,43,Female,Daily
P_G2_02,2,Matcha,PDI,Hallucinated,2,1,43,Female,Daily
P_G2_02,2,Quantum,Control,True,5,1,43,Female,Daily
P_G2_03,2,Silk,Binary,True,8,1,52,Female,Weekly
P_G2_03,2,Matcha,PDI,Hallucinated,5,1,52,Female,Weekly
P_G2_03,2,Quantum,Control,True,0,1,52,Female,Weekly
P_G2_04,2,Silk,Binary,True,6,3,58,Male,Weekly
P_G2_04,2,Matcha,PDI,Hallucinated,5,1,58,Male,Weekly
P_G2_04,2,Quantum,Control,True,7,3,58,Male,Weekly
P_G2_05,2,Silk,Binary,True,6,2,38,Male,Rarely
P_G2_05,2,Matcha,PDI,Hallucinated,2,2,38,Male,Rarely
P_G2_05,2,Quantum,Control,True,7,3,38,Male,Rarely
P_G2_06,2,Silk,Binary,True,6,3,36,Male,Daily
P_G2_06,2,Matcha,PDI,Hallucinated,5,3,36,Male,Daily
P_G2_06,2,Quantum,Control,True,4,1,36,Male,Daily
P_G2_07,2,Silk,Binary,True,6,1,42,Female,Weekly
P_G2_07,2,Matcha,PDI,Hallucinated,4,1,42,Female,Weekly
P_G2_07,2,Quantum,Control,True,6,1,42,Female,Weekly
P_G2_08,2,Silk,Binary,True,6,2,44,Male,Weekly
P_G2_08,2,Matcha,PDI,Hallucinated,6,1,44,Male,Weekly
P_G2_08,2,Quantum,Control,True,4,2,44,Male,Weekly
P_G2_09,2,Silk,Binary,True,7,1,30,Female,Daily
P_G2_09,2,Matcha,PDI,Hallucinated,0,1,30,Female,Daily
P_G2_09,2,Quantum,Control,True,7,1,30,Female,Daily
P_G2_10,2,Silk,Binary,True,5,1,20,Male,Monthly
P_G2_10,2,Matcha,PDI,Hallucinated,6,1,20,Male,Monthly
P_G2_10,2,Quantum,Control,True,3,1,20,Male,Monthly
P_G2_11,2,Silk,Binary,True,7,3,24,Male,Daily
P_G2_11,2,Matcha,PDI,Hallucinated,6,4,24,Male,Daily
P_G2_11,2,Quantum,Control,True,6,4,24,Male,Daily
P_G2_12,2,Silk,Binary,True,8,1,33,Male,Daily
P_G2_12,2,Matcha,PDI,Hallucinated,1,1,33,Male,Daily
P_G2_12,2,Quantum,Control,True,8,2,33,Male,Daily
P_G2_13,2,Silk,Binary,True,10,3,46,Male,Daily
P_G2_13,2,Matcha,PDI,Hallucinated,2,3,46,Male,Daily
P_G2_13,2,Quantum,Control,True,10,4,46,Male,Daily
P_G2_14,2,Silk,Binary,True,8,1,67,Male,Weekly
P_G2_14,2,Matcha,PDI,Hallucinated,3,1,67,Male,Weekly
P_G2_14,2,Quantum,Control,True,9,2,67,Male,Weekly
P_G2_15,2,Silk,Binary,True,3,4,43,Female,Weekly
P_G2_15,2,Matcha,PDI,Hallucinated,3,2,43,Female,Weekly
P_G2_15,2,Quantum,Control,True,9,2,43,Female,Weekly
P_G2_16,2,Silk,Binary,True,7,2,51,Female,Rarely
P_G2_16,2,Matcha,PDI,Hallucinated,5,3,51,Female,Rarely
P_G2_16,2,Quantum,Control,True,3,1,51,Female,Rarely
P_G2_17,2,Silk,Binary,True,8,1,63,Male,Weekly
P_G2_17,2,Matcha,PDI,Hallucinated,9,1,63,Male,Weekly
P_G2_17,2,Quantum,Control,True,0,1,63,Male,Weekly
P_G2_18,2,Silk,Binary,True,5,1,41,Female,Rarely
P_G2_18,2,Matcha,PDI,Hallucinated,2,2,41,Female,Rarely
P_G2_18,2,Quantum,Control,True,5,1,41,Female,Rarely
P_G2_19,2,Silk,Binary,True,8,3,62,Female,Daily
P_G2_19,2,Matcha,PDI,Hallucinated,3,1,62,Female,Daily
P_G2_19,2,Quantum,Control,True,6,3,62,Female,Daily
P_G2_20,2,Silk,Binary,True,8,3,36,Female,Never
P_G2_20,2,Matcha,PDI,Hallucinated,2,1,36,Female,Never
P_G2_20,2,Quantum,Control,True,5,1,36,Female,Never
P_G2_21,2,Silk,Binary,True,2,2,47,Male,Weekly
P_G2_21,2,Matcha,PDI,Hallucinated,0,1,47,Male,Weekly
P_G2_21,2,Quantum,Control,True,0,1,47,Male,Weekly
P_G2_22,2,Silk,Binary,True,10,2,35,Female,Daily
P_G2_22,2,Matcha,PDI,Hallucinated,9,1,35,Female,Daily
P_G2_22,2,Quantum,Control,True,8,1,35,Female,Daily
P_G2_23,2,Silk,Binary,True,7,1,51,Prefer not to say,Daily
P_G2_23,2,Matcha,PDI,Hallucinated,7,1,51,Prefer not to say,Daily
P_G2_23,2,Quantum,Control,True,7,1,51,Prefer not to say,Daily
P_G2_24,2,Silk,Binary,True,9,3,34,Male,Daily
P_G2_24,2,Matcha,PDI,Hallucinated,5,2,34,Male,Daily
P_G2_24,2,Quantum,Control,True,9,3,34,Male,Daily
P_G2_25,2,Silk,Binary,True,2,1,48,Male,Daily
P_G2_25,2,Matcha,PDI,Hallucinated,4,1,48,Male,Daily
P_G2_25,2,Quantum,Control,True,5,1,48,Male,Daily
P_G2_26,2,Silk,Binary,True,10,3,55,Female,Weekly
P_G2_26,2,Matcha,PDI,Hallucinated,1,1,55,Female,Weekly
P_G2_26,2,Quantum,Control,True,9,1,55,Female,Weekly
P_G2_27,2,Silk,Binary,True,7,1,52,Male,Daily
P_G2_27,2,Matcha,PDI,Hallucinated,2,1,52,Male,Daily
P_G2_27,2,Quantum,Control,True,9,3,52,Male,Daily
P_G3_01,3,Silk,PDI,True,8,1,41,Male,Daily
P_G3_01,3,Matcha,Control,Hallucinated,5,1,41,Male,Daily
P_G3_01,3,Quantum,Binary,Hallucinated,4,2,41,Male,Daily
P_G3_02,3,Silk,PDI,True,10,3,26,Male,Weekly
P_G3_02,3,Matcha,Control,Hallucinated,7,2,26,Male,Weekly
P_G3_02,3,Quantum,Binary,Hallucinated,5,1,26,Male,Weekly
P_G3_03,3,Silk,PDI,True,7,3,52,Male,Monthly
P_G3_03,3,Matcha,Control,Hallucinated,6,2,52,Male,Monthly
P_G3_03,3,Quantum,Binary,Hallucinated,6,2,52,Male,Monthly
P_G3_04,3,Silk,PDI,True,8,1,39,Male,Daily
P_G3_04,3,Matcha,Control,Hallucinated,5,1,39,Male,Daily
P_G3_04,3,Quantum,Binary,Hallucinated,6,1,39,Male,Daily
P_G3_05,3,Silk,PDI,True,7,1,61,Male,Rarely
P_G3_05,3,Matcha,Control,Hallucinated,7,1,61,Male,Rarely
P_G3_05,3,Quantum,Binary,Hallucinated,3,1,61,Male,Rarely
P_G3_06,3,Silk,PDI,True,6,1,29,Male,Daily
P_G3_06,3,Matcha,Control,Hallucinated,8,2,29,Male,Daily
P_G3_06,3,Quantum,Binary,Hallucinated,4,1,29,Male,Daily
P_G3_07,3,Silk,PDI,True,1,1,42,Male,Daily
P_G3_07,3,Matcha,Control,Hallucinated,7,2,42,Male,Daily
P_G3_07,3,Quantum,Binary,Hallucinated,5,2,42,Male,Daily
P_G3_08,3,Silk,PDI,True,9,3,51,Male,Daily
P_G3_08,3,Matcha,Control,Hallucinated,5,2,51,Male,Daily
P_G3_08,3,Quantum,Binary,Hallucinated,5,1,51,Male,Daily
P_G3_09,3,Silk,PDI,True,5,5,28,Male,Daily
P_G3_09,3,Matcha,Control,Hallucinated,7,2,28,Male,Daily
P_G3_09,3,Quantum,Binary,Hallucinated,6,3,28,Male,Daily
P_G3_10,3,Silk,PDI,True,9,2,30,Male,Daily
P_G3_10,3,Matcha,Control,Hallucinated,7,1,30,Male,Daily
P_G3_10,3,Quantum,Binary,Hallucinated,8,2,30,Male,Daily
P_G3_11,3,Silk,PDI,True,8,1,35,Male,Daily
P_G3_11,3,Matcha,Control,Hallucinated,5,1,35,Male,Daily
P_G3_11,3,Quantum,Binary,Hallucinated,3,1,35,Male,Daily
P_G3_12,3,Silk,PDI,True,8,3,22,Male,Daily
P_G3_12,3,Matcha,Control,Hallucinated,7,3,22,Male,Daily
P_G3_12,3,Quantum,Binary,Hallucinated,7,4,22,Male,Daily
P_G3_13,3,Silk,PDI,True,10,2,47,Female,Daily
P_G3_13,3,Matcha,Control,Hallucinated,5,2,47,Female,Daily
P_G3_13,3,Quantum,Binary,Hallucinated,10,1,47,Female,Daily
P_G3_14,3,Silk,PDI,True,10,4,32,Male,Weekly
P_G3_14,3,Matcha,Control,Hallucinated,5,1,32,Male,Weekly
P_G3_14,3,Quantum,Binary,Hallucinated,10,4,32,Male,Weekly
P_G3_15,3,Silk,PDI,True,9,2,46,Male,Weekly
P_G3_15,3,Matcha,Control,Hallucinated,2,1,46,Male,Weekly
P_G3_15,3,Quantum,Binary,Hallucinated,0,2,46,Male,Weekly
P_G3_16,3,Silk,PDI,True,7,4,33,Male,Daily
P_G3_16,3,Matcha,Control,Hallucinated,6,2,33,Male,Daily
P_G3_16,3,Quantum,Binary,Hallucinated,6,3,33,Male,Daily
P_G3_17,3,Silk,PDI,True,9,2,30,Male,Weekly
P_G3_17,3,Matcha,Control,Hallucinated,7,1,30,Male,Weekly
P_G3_17,3,Quantum,Binary,Hallucinated,7,1,30,Male,Weekly
P_G3_18,3,Silk,PDI,True,10,4,33,Female,Weekly
P_G3_18,3,Matcha,Control,Hallucinated,5,3,33,Female,Weekly
P_G3_18,3,Quantum,Binary,Hallucinated,10,4,33,Female,Weekly
P_G3_19,3,Silk,PDI,True,9,1,33,Female,Rarely
P_G3_19,3,Matcha,Control,Hallucinated,4,1,33,Female,Rarely
P_G3_19,3,Quantum,Binary,Hallucinated,4,1,33,Female,Rarely
P_G3_20,3,Silk,PDI,True,8,3,31,Male,Daily
P_G3_20,3,Matcha,Control,Hallucinated,3,2,31,Male,Daily
P_G3_20,3,Quantum,Binary,Hallucinated,6,4,31,Male,Daily
P_G3_21,3,Silk,PDI,True,10,2,34,Male,Weekly
P_G3_21,3,Matcha,Control,Hallucinated,10,2,34,Male,Weekly
P_G3_21,3,Quantum,Binary,Hallucinated,3,2,34,Male,Weekly
P_G3_22,3,Silk,PDI,True,10,1,27,Female,Daily
P_G3_22,3,Matcha,Control,Hallucinated,5,1,27,Female,Daily
P_G3_22,3,Quantum,Binary,Hallucinated,0,4,27,Female,Daily
P_G3_23,3,Silk,PDI,True,10,3,49,Female,Daily
P_G3_23,3,Matcha,Control,Hallucinated,9,3,49,Female,Daily
P_G3_23,3,Quantum,Binary,Hallucinated,0,1,49,Female,Daily
P_G3_24,3,Silk,PDI,True,10,2,25,Male,Daily
P_G3_24,3,Matcha,Control,Hallucinated,4,3,25,Male,Daily
P_G3_24,3,Quantum,Binary,Hallucinated,1,4,25,Male,Daily
P_G3_25,3,Silk,PDI,True,4,2,25,Female,Daily
P_G3_25,3,Matcha,Control,Hallucinated,7,4,25,Female,Daily
P_G3_25,3,Quantum,Binary,Hallucinated,8,3,25,Female,Daily
P_G3_26,3,Silk,PDI,True,5,1,28,Female,Daily
P_G3_26,3,Matcha,Control,Hallucinated,8,2,28,Female,Daily
P_G3_26,3,Quantum,Binary,Hallucinated,5,1,28,Female,Daily
P_G3_27,3,Silk,PDI,True,9,3,51,Female,Monthly
P_G3_27,3,Matcha,Control,Hallucinated,4,2,51,Female,Monthly
P_G3_27,3,Quantum,Binary,Hallucinated,4,1,51,Female,Monthly
